TopicID,ForumID,UserID,UserName,Posted,Topic,Views,Priority,PollID,TopicMovedID,LastPosted,LastMessageID,LastUserID,LastUserName,NumPosts,Flags,IsDeleted,IsQuestion,AnswerMessageId,LastMessageFlags,TopicImage
1,1,5,NULL,2011-06-27 18:23:40.810,test,25,0,NULL,NULL,NULL,NULL,NULL,NULL,5,8,1,0,NULL,NULL,NULL
2,1,7,NULL,2011-06-27 21:31:43.433,Testing Testing 123,14,0,NULL,NULL,NULL,NULL,NULL,NULL,5,8,1,0,NULL,NULL,NULL
3,1,8,NULL,2011-06-28 13:49:21.650,The testing continues,63,0,NULL,NULL,NULL,NULL,NULL,NULL,7,8,1,0,NULL,NULL,NULL
4,1,5,NULL,2011-06-28 14:04:34.107,I have a new topic of discussion,23,0,NULL,NULL,NULL,NULL,NULL,NULL,1,8,1,0,NULL,NULL,NULL
5,1,3,NULL,2011-06-30 21:34:03.457,The boat that was,8,0,NULL,NULL,NULL,NULL,NULL,NULL,2,8,1,0,NULL,NULL,NULL
6,1,11,NULL,2011-07-05 15:25:15.347,What makes Intrepid Powerboats the best?,8,0,NULL,NULL,NULL,NULL,NULL,NULL,1,8,1,0,NULL,NULL,NULL
7,1,9,NULL,2011-07-19 19:36:47.780,327 Center Console,10,0,NULL,NULL,NULL,NULL,NULL,NULL,1,8,1,0,NULL,NULL,NULL
8,1,13,NULL,2011-07-22 15:40:11.960,Welcome!,2784,0,NULL,NULL,2011-11-15 20:33:51.940,72,54,NULL,3,0,0,0,NULL,22,NULL
9,1,18,NULL,2011-07-22 17:51:54.503,323 Cuddy Hull Step Dimensions,2723,0,NULL,NULL,2011-07-23 12:38:45.107,25,13,NULL,2,0,0,0,NULL,22,NULL
10,4,11,NULL,2011-07-25 15:47:43.287,New Topic,2,0,NULL,NULL,NULL,NULL,NULL,NULL,1,8,1,0,NULL,NULL,NULL
11,2,11,NULL,2011-07-25 16:24:28.740,New Topic,3,0,NULL,NULL,NULL,NULL,NULL,NULL,2,8,1,0,NULL,NULL,NULL
12,1,20,NULL,2011-07-28 00:43:07.160,Looking for trip Verados,6474,0,NULL,NULL,2011-08-18 13:56:23.277,42,27,NULL,10,0,0,0,NULL,22,NULL
13,1,13,NULL,2011-07-29 12:46:50.670,The new 327 cuddy....(new details),2577,0,NULL,NULL,2011-07-29 22:05:05.250,36,18,NULL,2,0,0,0,NULL,22,NULL
14,2,27,NULL,2011-08-08 13:14:12.253,23rd Annual Old Salt Inshore – Offshore Ladies Tournament August 11th & 13th 2011!,29,0,NULL,NULL,2011-08-08 13:14:12.253,41,27,NULL,1,0,0,0,NULL,22,NULL
15,1,17,NULL,2011-08-19 01:47:43.730,475 Enclosed Bridge spotted in NYC / East River?,4103,0,NULL,NULL,2011-08-24 15:46:59.857,44,27,NULL,2,0,0,0,NULL,22,NULL
16,1,36,NULL,2011-09-07 20:27:14.843,intrepid gear,3279,0,NULL,NULL,2011-10-28 12:11:18.640,71,27,NULL,4,0,0,0,NULL,22,NULL
17,1,36,NULL,2011-09-14 00:32:09.077,trailor,2480,0,NULL,NULL,2011-09-14 10:20:53.250,49,13,NULL,2,0,0,0,NULL,22,NULL
18,1,36,NULL,2011-09-19 21:15:20.487,fuell lines,4516,0,NULL,NULL,2011-09-20 11:57:12.890,54,13,NULL,4,0,0,0,NULL,22,NULL
19,1,13,NULL,2011-09-20 11:26:20.373,7 Marine Engines.....,4065,0,NULL,NULL,2011-10-10 12:02:27.403,62,42,NULL,5,0,0,0,NULL,22,NULL
20,1,18,NULL,2011-09-23 01:12:59.540,White coil hose,2897,0,NULL,NULL,2011-09-23 11:32:15.707,57,13,NULL,3,0,0,0,NULL,22,NULL
21,1,36,NULL,2011-09-30 15:18:50.297,annapolis boat show,2028,0,NULL,NULL,2011-09-30 15:18:50.297,59,36,NULL,1,0,0,0,NULL,22,NULL
22,1,17,NULL,2011-10-10 13:47:02.060,What does my 339 W/A weigh?,3857,0,NULL,NULL,2011-10-10 15:49:58.857,65,17,NULL,3,0,0,0,NULL,22,NULL
23,1,36,NULL,2011-10-11 15:05:47.550,Additional fuel tank,2521,0,NULL,NULL,2011-10-12 15:11:53.243,67,34,NULL,2,0,0,0,NULL,22,NULL
24,2,44,NULL,2011-10-24 14:10:17.867,Get together for the boat show,47,0,NULL,NULL,2011-10-24 14:29:17.813,69,13,NULL,2,0,0,0,NULL,22,NULL
25,1,63,NULL,2012-01-04 17:38:23.853,Upholstery,4265,0,NULL,NULL,2012-01-09 17:49:43.743,76,34,NULL,4,0,0,0,NULL,22,NULL
26,4,61,NULL,2012-01-12 02:58:09.643,Southern Loop Cruise,129,0,NULL,NULL,2012-07-30 09:49:05.490,192,164,NULL,10,0,0,0,NULL,22,NULL
27,1,2,NULL,2012-01-12 12:25:24.117,Miami Boat Show!!....and other updates,2888,0,NULL,NULL,2012-06-29 19:50:06.070,171,150,NULL,2,0,0,0,NULL,22,NULL
28,1,60,NULL,2012-01-13 18:13:41.443,Yacht Tenders....with photos!,2573,0,NULL,NULL,2012-01-13 18:13:41.443,80,60,NULL,1,0,0,0,NULL,22,NULL
29,1,24,NULL,2012-01-19 17:57:43.700,Wiring Diagram - 1995 356,3614,0,NULL,NULL,2012-01-20 14:34:30.137,90,24,NULL,3,0,0,0,NULL,22,NULL
30,1,71,NULL,2012-01-30 21:21:36.980,12 volt accessory plug in helm?,2905,0,NULL,NULL,2012-01-31 12:51:19.633,92,27,NULL,2,0,0,0,NULL,22,NULL
31,1,24,NULL,2012-01-31 20:22:00.513,1995 356 - Windscreen?,5023,0,NULL,NULL,2012-03-07 14:39:35.163,124,24,NULL,5,0,0,0,NULL,22,NULL
32,5,79,NULL,2012-02-01 15:23:22.073,2003 377 I need a rear bench seat!,5184,0,NULL,NULL,2012-02-27 19:46:26.457,110,98,NULL,4,0,0,0,NULL,22,NULL
33,5,79,NULL,2012-02-01 16:43:34.433,2003 377 I need a rear bench seat!,4673,0,NULL,NULL,2015-05-17 12:47:15.613,526,1462,NULL,4,0,0,0,NULL,22,NULL
34,5,81,NULL,2012-02-01 18:43:30.097,Special HAVE & NEED / Buy&Sell Forum suggestion,3731,0,NULL,NULL,2012-02-03 15:10:38.710,103,60,NULL,3,0,0,0,NULL,22,NULL
35,1,58,NULL,2012-02-08 12:14:34.717,My 1992 30' Cuddy,3681,0,NULL,NULL,2012-02-08 13:09:36.603,106,27,NULL,3,0,0,0,NULL,22,NULL
36,2,95,NULL,2012-02-25 19:32:51.203,Intrepid's Fishing and sponsorship...,39,0,NULL,NULL,2012-02-26 02:39:53.333,109,27,NULL,2,0,0,0,NULL,22,NULL
37,1,103,NULL,2012-03-02 00:28:28.450,246 Walkaround prop suggestion,2961,0,NULL,NULL,2012-03-02 15:09:30.940,113,103,NULL,3,0,0,0,NULL,22,NULL
38,1,58,NULL,2012-03-03 07:00:48.427,Transducer Location,2872,0,NULL,NULL,2012-03-05 12:11:37.650,116,27,NULL,2,0,0,0,NULL,22,NULL
39,1,105,NULL,2012-03-03 22:00:36.700,Spare Gas Cap 377 Walkaround,2941,0,NULL,NULL,2012-03-05 12:42:53.903,117,27,NULL,2,0,0,0,NULL,22,NULL
40,1,103,NULL,2012-03-05 23:58:42.690,More 246 Walkaround questions,5514,0,NULL,NULL,2012-03-08 12:05:05.390,127,34,NULL,4,0,0,0,NULL,22,NULL
41,1,62,NULL,2012-03-07 03:44:46.720,Retro-fit folding rear seat,7232,0,NULL,NULL,2012-04-09 18:22:34.803,140,27,NULL,7,0,0,0,NULL,22,NULL
42,1,74,NULL,2012-04-04 00:33:10.473,Owners Manual,4579,0,NULL,NULL,2014-05-27 11:44:05.030,423,34,NULL,4,0,0,0,NULL,22,NULL
44,5,113,NULL,2012-04-04 13:26:11.077,Looking for Bench Seat for 289 Intrepid,69,0,NULL,NULL,NULL,NULL,NULL,NULL,0,8,1,0,NULL,NULL,NULL
45,5,113,NULL,2012-04-04 13:40:48.420,Looking for Bench Seat for 289 Intrepid,3392,0,NULL,NULL,2012-04-06 12:08:29.497,135,98,NULL,2,0,0,0,NULL,22,NULL
47,1,98,NULL,2012-04-06 12:39:29.660,Baitwell space,2124,0,NULL,NULL,2012-04-06 12:39:29.660,137,98,NULL,1,0,0,0,NULL,22,NULL
48,5,121,NULL,2012-04-21 12:09:10.107,Repower ADVICE on a 1996 356 !!!! SOS,26,0,NULL,NULL,NULL,NULL,NULL,NULL,0,8,1,0,NULL,NULL,NULL
49,5,121,NULL,2012-04-21 12:10:29.223,Repower ADVICE on a 1996 356 !!!! SOS,26,0,NULL,NULL,NULL,NULL,NULL,NULL,0,8,1,0,NULL,NULL,NULL
50,3,121,NULL,2012-04-21 12:15:46.353,Repower ADVICE needed 1996 356,49,0,NULL,NULL,NULL,NULL,NULL,NULL,0,8,1,0,NULL,NULL,NULL
51,3,121,NULL,2012-04-21 12:21:25.597,Intrepid For Life,42,0,NULL,NULL,NULL,NULL,NULL,NULL,0,8,1,0,NULL,NULL,NULL
52,1,62,NULL,2012-04-29 22:05:26.570,Replacement Latches,12,0,NULL,NULL,NULL,NULL,NULL,NULL,0,8,1,0,NULL,NULL,NULL
53,1,62,NULL,2012-04-29 22:06:44.457,Replacement Latches,11,0,NULL,NULL,NULL,NULL,NULL,NULL,0,8,1,0,NULL,NULL,NULL
54,1,62,NULL,2012-04-29 22:08:31.917,Replacement Latches,4303,0,NULL,NULL,2012-07-01 16:43:57.493,173,137,NULL,3,0,0,0,NULL,22,NULL
55,1,121,NULL,2012-04-21 12:15:46.353,356 Repower Advice,3384,0,NULL,NULL,2012-04-22 01:20:42.030,147,121,NULL,3,0,0,0,NULL,22,NULL
56,1,121,NULL,2012-04-21 12:21:25.597,Intrepid for Life,7903,0,NULL,NULL,2013-01-29 16:13:37.593,318,261,NULL,8,0,0,0,NULL,22,NULL
57,1,121,NULL,2012-04-30 23:56:58.950,does anyone know will new Yami f300s fit my 1996 356,3875,0,NULL,NULL,2012-05-18 21:26:07.553,159,135,NULL,4,0,0,0,NULL,22,NULL
58,1,135,NULL,2012-05-18 20:17:08.127,Leak cabin door 356 cuddy,2933,0,NULL,NULL,2012-05-18 23:45:02.977,160,61,NULL,2,0,0,0,NULL,22,NULL
59,1,138,NULL,2012-05-23 13:12:54.787,289 wa repower questions,5333,0,NULL,NULL,2012-11-16 21:50:58.240,240,213,NULL,4,0,0,0,NULL,22,NULL
61,1,141,NULL,2012-05-28 07:15:58.593,Comfort Baby Carrier,13,0,NULL,NULL,NULL,NULL,NULL,NULL,0,8,1,0,NULL,NULL,NULL
62,1,33,NULL,2012-06-02 14:26:43.597,377WA Air Conditioner,4068,0,NULL,NULL,2012-06-19 13:03:45.157,168,27,NULL,3,0,0,0,NULL,22,NULL
63,1,135,NULL,2012-06-23 18:10:32.310,Hatch hinges 327?,2401,0,NULL,NULL,2016-08-07 23:29:49.590,666,1552,NULL,2,0,0,0,NULL,22,NULL
64,1,58,NULL,2012-07-01 18:16:14.343,Hull design,2288,0,NULL,NULL,2012-07-01 18:16:14.343,174,58,NULL,1,0,0,0,NULL,22,NULL
66,1,151,NULL,2012-07-08 00:19:36.120,1991 246 WA engine height,2056,0,NULL,NULL,2012-07-08 00:19:36.120,176,151,NULL,1,0,0,0,NULL,22,NULL
67,1,153,NULL,2012-07-12 12:28:11.833,322 Cuddy repower with Yamaha f300s??,3637,0,NULL,NULL,2012-07-20 18:47:52.773,181,27,NULL,2,0,0,0,NULL,22,NULL
68,5,154,NULL,2012-07-12 12:32:29.447,40 CC,3218,0,NULL,NULL,2012-07-20 18:52:13.997,182,27,NULL,2,0,0,0,NULL,22,NULL
71,1,158,NULL,2012-07-22 18:33:29.753,Hard top wiring...,2589,0,NULL,NULL,2012-07-24 19:41:11.253,187,34,NULL,2,0,0,0,NULL,22,NULL
72,5,162,NULL,2012-07-24 18:51:10.713,WTB Bench Seat for 289,4851,0,NULL,NULL,2012-07-24 20:37:02.023,190,162,NULL,5,0,0,0,NULL,22,NULL
76,1,39,NULL,2012-08-14 21:51:44.047,Solar panels,2459,0,NULL,NULL,2012-08-15 22:03:32.930,197,171,NULL,2,0,0,0,NULL,22,NULL
77,1,62,NULL,2012-08-15 04:51:14.640,Folding rear bench seat,2091,0,NULL,NULL,2012-08-15 04:51:14.640,196,62,NULL,1,0,0,0,NULL,22,NULL
78,1,171,NULL,2012-08-15 22:14:07.063,Weight of 2002 289 walkaround - Question,7030,0,NULL,NULL,2012-08-16 17:16:43.650,203,34,NULL,6,0,0,0,NULL,22,NULL
79,1,156,NULL,2012-08-18 22:35:52.003,4 blade props on 370 cuddy,2113,0,NULL,NULL,2012-08-18 22:35:52.003,204,156,NULL,1,0,0,0,NULL,22,NULL
86,1,33,NULL,2012-09-02 01:00:15.687,377WA Head,3600,0,NULL,NULL,2012-09-04 12:59:48.673,214,33,NULL,3,0,0,0,NULL,22,NULL
87,5,162,NULL,2012-09-20 21:11:09.337,Boat Cover,5709,0,NULL,NULL,2012-12-31 19:04:01.613,292,34,NULL,5,0,0,0,NULL,22,NULL
88,1,182,NULL,2012-09-28 05:15:03.967,pandora jewellery  has become woman prime adornments,94,0,NULL,NULL,NULL,NULL,NULL,NULL,0,8,1,0,NULL,NULL,NULL
89,1,184,NULL,2012-10-04 03:54:03.173,The Allure of Pandora Charms Australia,64,0,NULL,NULL,NULL,NULL,NULL,NULL,0,8,1,0,NULL,NULL,NULL
90,1,185,NULL,2012-10-11 06:38:18.050,Pandora charms are the hottest jewelry gifts for 2013,30,0,NULL,NULL,NULL,NULL,NULL,NULL,0,8,1,0,NULL,NULL,NULL
91,1,186,NULL,2012-10-11 08:26:09.750,Gentle passage of incense pandora bracelet,52,0,NULL,NULL,NULL,NULL,NULL,NULL,0,8,1,0,NULL,NULL,NULL
92,1,187,NULL,2012-10-12 06:56:35.523,Choose Pandora-choose a chance for beautiful,46,0,NULL,NULL,NULL,NULL,NULL,NULL,0,8,1,0,NULL,NULL,NULL
93,1,188,NULL,2012-10-16 07:47:21.587,Pandora's charm Britain,27,0,NULL,NULL,NULL,NULL,NULL,NULL,0,8,1,0,NULL,NULL,NULL
94,4,188,NULL,2012-10-16 07:48:25.290,Abercrombie & Fitch anerkannt Polizist climat nderung Offenleg,1,0,NULL,NULL,NULL,NULL,NULL,NULL,0,8,1,0,NULL,NULL,NULL
95,5,188,NULL,2012-10-16 07:50:41.310,About several Beats,24,0,NULL,NULL,NULL,NULL,NULL,NULL,0,8,1,0,NULL,NULL,NULL
96,1,190,NULL,2012-10-19 08:13:52.700,Abercrombie and Fitch Outlet UK Near you,29,0,NULL,NULL,NULL,NULL,NULL,NULL,0,8,1,0,NULL,NULL,NULL
97,1,193,NULL,2012-10-23 09:19:52.733,Jewellery Award Winner Tresor Paris were delighted,17,0,NULL,NULL,NULL,NULL,NULL,NULL,0,8,1,0,NULL,NULL,NULL
98,1,194,NULL,2012-10-25 07:29:13.737,Abercrombie Brussel Clothing For Those Who Know About Style,7,0,NULL,NULL,NULL,NULL,NULL,NULL,0,8,1,0,NULL,NULL,NULL
99,1,195,NULL,2012-10-26 02:48:45.620,F1 car ownerNico Rosberg collectivelyTHOMAS SABO trendsetters,7,0,NULL,NULL,NULL,NULL,NULL,NULL,0,8,1,0,NULL,NULL,NULL
101,1,199,NULL,2012-10-27 03:09:03.997,New and Exciting Pandora Jewellery,10,0,NULL,NULL,NULL,NULL,NULL,NULL,0,8,1,0,NULL,NULL,NULL
102,1,198,NULL,2012-10-27 03:12:54.950,Pandora's jewelry (Pandora) face coloured glaze hanging ornament,17,0,NULL,NULL,NULL,NULL,NULL,NULL,0,8,1,0,NULL,NULL,NULL
103,1,200,NULL,2012-10-30 06:23:21.107,The Coach New Ali Hobo Bag,6,0,NULL,NULL,NULL,NULL,NULL,NULL,0,8,1,0,NULL,NULL,NULL
104,1,202,NULL,2012-10-30 08:52:14.380,you can decorate your cloth with the Pandora charms,6,0,NULL,NULL,NULL,NULL,NULL,NULL,0,8,1,0,NULL,NULL,NULL
105,1,203,NULL,2012-11-01 05:42:23.810,Pandora getting a products enjoys the true selected,2,0,NULL,NULL,NULL,NULL,NULL,NULL,0,8,1,0,NULL,NULL,NULL
106,1,205,NULL,2012-11-02 08:01:42.667,Bring Abercrombie Fitch to Your Wardrobe,5,0,NULL,NULL,NULL,NULL,NULL,NULL,1,8,1,0,NULL,NULL,NULL
107,1,206,NULL,2012-11-05 07:22:58.790,Nike Air Max Discounts - Why You Should Shop Online,7,0,NULL,NULL,NULL,NULL,NULL,NULL,0,8,1,0,NULL,NULL,NULL
108,1,210,NULL,2012-11-12 08:40:39.640,The abercrombie and fitch seemingly has done well and show cases a track record,54,0,NULL,NULL,NULL,NULL,NULL,NULL,0,8,1,0,NULL,NULL,NULL
109,1,215,NULL,2012-11-19 05:58:15.570,Nike Shox Footwear In kilter For Our daily life,22,0,NULL,NULL,NULL,NULL,NULL,NULL,0,8,1,0,NULL,NULL,NULL
110,3,216,NULL,2012-11-20 02:32:02.243,The Arguments Why Tiffany Diamond Jewelry is So Desirable,21,0,NULL,NULL,NULL,NULL,NULL,NULL,0,8,1,0,NULL,NULL,NULL
111,1,217,NULL,2012-11-20 07:22:35.410,The Abercrombie clothes website has stuff for everyone,15,0,NULL,NULL,NULL,NULL,NULL,NULL,0,8,1,0,NULL,NULL,NULL
112,1,24,NULL,2012-11-20 15:08:50.177,Lift setup for 1995 356,3537,0,NULL,NULL,2012-12-08 13:12:10.470,271,34,NULL,4,0,0,0,NULL,22,NULL
113,3,218,NULL,2012-11-21 02:19:10.917,Falling In Love With Pandora Charms,20,0,NULL,NULL,NULL,NULL,NULL,NULL,0,8,1,0,NULL,NULL,NULL
114,1,219,NULL,2012-11-21 07:08:46.907,Abercrombie and Fitch continues to be offering some really fashionable,20,0,NULL,NULL,NULL,NULL,NULL,NULL,1,8,1,0,NULL,NULL,NULL
115,5,220,NULL,2012-11-22 02:37:59.173,Nike air max women shoes 2012,13,0,NULL,NULL,NULL,NULL,NULL,NULL,0,8,1,0,NULL,NULL,NULL
116,1,220,NULL,2012-11-22 02:39:47.813,Lovely Barbie collection by Thomas Sabo charms,12,0,NULL,NULL,NULL,NULL,NULL,NULL,0,8,1,0,NULL,NULL,NULL
117,5,221,NULL,2012-11-22 17:39:57.757,Seat covers 322 (forward L seat),4964,0,NULL,NULL,2013-07-06 11:23:31.750,372,34,NULL,5,0,0,0,NULL,22,NULL
118,1,222,NULL,2012-11-24 02:14:26.493,Abercrombie does not simply go head to head against its closest competitor,18,0,NULL,NULL,NULL,NULL,NULL,NULL,0,8,1,0,NULL,NULL,NULL
119,3,223,NULL,2012-11-26 07:49:48.510,Versatile Tiffany Jewelry Series for Office Ladies,8,0,NULL,NULL,NULL,NULL,NULL,NULL,0,8,1,0,NULL,NULL,NULL
120,5,225,NULL,2012-11-27 15:54:43.723,Adding generator to 2002 366 cuddy,71,0,NULL,NULL,NULL,NULL,NULL,NULL,0,8,1,0,NULL,NULL,NULL
121,1,227,NULL,2012-11-29 07:43:36.713,If you wish to abercrombie & fitch,4,0,NULL,NULL,NULL,NULL,NULL,NULL,0,8,1,0,NULL,NULL,NULL
122,1,230,NULL,2012-12-02 03:21:27.647,Starting of the press and retailers Abercrombie Fitch,5,0,NULL,NULL,NULL,NULL,NULL,NULL,0,8,1,0,NULL,NULL,NULL
123,1,231,NULL,2012-12-02 03:42:46.523,Thomas Sabo Charms builder to design your perfect jewelry,5,0,NULL,NULL,NULL,NULL,NULL,NULL,0,8,1,0,NULL,NULL,NULL
124,1,232,NULL,2012-12-02 11:50:04.640,Beats by Dre Black Friday to be a wonderful in addition to captivating fascinatress,5,0,NULL,NULL,NULL,NULL,NULL,NULL,0,8,1,0,NULL,NULL,NULL
125,1,233,NULL,2012-12-03 06:02:35.530,dark plastic throat straps,1,0,NULL,NULL,NULL,NULL,NULL,NULL,0,8,1,0,NULL,NULL,NULL
126,1,233,NULL,2012-12-03 06:04:09.600,I do not do the physical wellness,1,0,NULL,NULL,NULL,NULL,NULL,NULL,0,8,1,0,NULL,NULL,NULL
127,1,233,NULL,2012-12-03 06:05:18.837,it's the feed of sand in your shoes,1,0,NULL,NULL,NULL,NULL,NULL,NULL,0,8,1,0,NULL,NULL,NULL
128,1,233,NULL,2012-12-03 06:06:35.537,Not that it problems,2,0,NULL,NULL,NULL,NULL,NULL,NULL,0,8,1,0,NULL,NULL,NULL
129,3,234,NULL,2012-12-04 00:22:37.337,smalls fractures,41,0,NULL,NULL,NULL,NULL,NULL,NULL,0,8,1,0,NULL,NULL,NULL
134,1,239,NULL,2012-12-10 06:00:04.400,Abercrombie takes care of the needs of all,12,0,NULL,NULL,NULL,NULL,NULL,NULL,0,8,1,0,NULL,NULL,NULL
135,1,225,NULL,2012-11-27 15:54:43.723,Adding generator to 2002 366 cuddy ,2331,0,NULL,NULL,2012-11-29 12:14:07.820,256,34,NULL,2,0,0,0,NULL,22,NULL
136,1,234,NULL,2012-12-04 00:22:37.337,smalls fractures ,2377,0,NULL,NULL,2012-12-08 13:01:56.997,270,34,NULL,2,0,0,0,NULL,22,NULL
137,1,243,NULL,2012-12-12 15:29:54.677,339 Walk Windshield,1759,0,NULL,NULL,2012-12-12 15:29:54.677,277,243,NULL,1,0,0,0,NULL,22,NULL
138,1,245,NULL,2012-12-17 01:41:47.073,get tiffany uk for your family,18,0,NULL,NULL,NULL,NULL,NULL,NULL,1,8,1,0,NULL,NULL,NULL
140,1,246,NULL,2012-12-17 08:15:05.193,Pandora diamond jewelry is a superb jewelry present,27,0,NULL,NULL,NULL,NULL,NULL,NULL,0,8,1,0,NULL,NULL,NULL
141,1,249,NULL,2012-12-19 07:12:53.673,Hello people!!,35,0,NULL,NULL,NULL,NULL,NULL,NULL,0,8,1,0,NULL,NULL,NULL
142,1,250,NULL,2012-12-20 09:58:32.393,What's a good way to save on grocery shopping?,15,0,NULL,NULL,NULL,NULL,NULL,NULL,0,8,1,0,NULL,NULL,NULL
143,1,209,NULL,2012-12-20 16:40:45.273,Plumbing question,1914,0,NULL,NULL,2012-12-20 16:40:45.273,283,209,NULL,1,0,0,0,NULL,22,NULL
144,1,251,NULL,2012-12-22 02:24:59.950,The Abercrombie And Fitch clothing provides you a great opportunity,18,0,NULL,NULL,NULL,NULL,NULL,NULL,0,8,1,0,NULL,NULL,NULL
145,1,252,NULL,2012-12-22 05:30:37.410,Abercrombie and Fitch are well suited for anyone,21,0,NULL,NULL,NULL,NULL,NULL,NULL,0,8,1,0,NULL,NULL,NULL
146,1,253,NULL,2012-12-22 06:41:50.507,Nike Free shoes are primarily critical,23,0,NULL,NULL,NULL,NULL,NULL,NULL,0,8,1,0,NULL,NULL,NULL
147,1,254,NULL,2012-12-24 08:01:19.020,"Thomas Sabo have hundreds of unique, sassy and stylish jewelries",22,0,NULL,NULL,NULL,NULL,NULL,NULL,0,8,1,0,NULL,NULL,NULL
148,1,255,NULL,2012-12-25 05:42:15.667,Louis Vuitton’s allegory associated with Christ,15,0,NULL,NULL,NULL,NULL,NULL,NULL,0,8,1,0,NULL,NULL,NULL
149,1,255,NULL,2012-12-25 05:44:02.437,The Convenient Thomas Sabo Necklace,19,0,NULL,NULL,NULL,NULL,NULL,NULL,0,8,1,0,NULL,NULL,NULL
150,1,257,NULL,2012-12-30 03:22:38.013,Abercrombie clothing,10,0,NULL,NULL,NULL,NULL,NULL,NULL,0,8,1,0,NULL,NULL,NULL
151,1,256,NULL,2013-01-02 06:18:53.977,Nike Free er på ingen måde kun på vegne af sko,1,0,NULL,NULL,NULL,NULL,NULL,NULL,0,8,1,0,NULL,NULL,NULL
152,5,192,NULL,2013-01-03 15:56:12.353,New hatch for 2002 366 cuddy,3589,0,NULL,NULL,2013-01-04 04:01:12.663,296,244,NULL,3,0,0,0,NULL,22,NULL
155,3,2,NULL,2013-01-04 16:14:20.057,sdsafsdsa,7,0,NULL,NULL,NULL,NULL,NULL,NULL,2,8,1,0,NULL,NULL,NULL
156,3,2,NULL,2013-01-04 16:20:39.357,Test 2,5,0,NULL,NULL,NULL,NULL,NULL,NULL,1,8,1,0,NULL,NULL,NULL
157,3,259,NULL,2013-01-04 16:31:14.880,Email Test,4439,0,NULL,NULL,2013-01-04 17:16:10.520,304,34,NULL,2,0,0,0,NULL,22,NULL
158,5,192,NULL,2013-01-07 15:45:40.187,Anchor size/type advice,2971,0,NULL,NULL,2013-01-08 22:31:15.020,307,34,NULL,2,0,0,0,NULL,22,NULL
159,5,192,NULL,2013-01-07 16:28:00.687,Fibreglass repair,3270,0,NULL,NULL,2013-01-08 22:33:29.437,308,34,NULL,2,0,0,0,NULL,22,NULL
160,1,262,NULL,2013-01-14 07:31:04.660,"Greetings from Brisbane, Australia",0,0,NULL,NULL,NULL,NULL,NULL,NULL,0,8,1,0,NULL,NULL,NULL
161,1,2,NULL,2013-01-25 15:49:39.913,The New 375 Walk Around.....,2838,0,NULL,NULL,2013-01-25 15:49:39.913,310,2,NULL,1,0,0,0,NULL,22,NULL
162,1,268,NULL,2013-01-26 08:16:04.107,Nike Weather Maximum Offers It is Basic Boots and shoes,0,0,NULL,NULL,NULL,NULL,NULL,NULL,0,8,1,0,NULL,NULL,NULL
163,1,268,NULL,2013-01-26 08:17:43.727,Thomas Sabo generally is a Well-Known to locate,0,0,NULL,NULL,NULL,NULL,NULL,NULL,0,8,1,0,NULL,NULL,NULL
164,1,268,NULL,2013-01-26 08:19:56.530,Nike Weather Maximum Offers It is Basic Boots and shoes,0,0,NULL,NULL,NULL,NULL,NULL,NULL,0,8,1,0,NULL,NULL,NULL
165,1,269,NULL,2013-01-28 03:29:19.680,Fahrenheit 451,0,0,NULL,NULL,NULL,NULL,NULL,NULL,0,8,1,0,NULL,NULL,NULL
166,1,270,NULL,2013-02-01 03:11:29.653,a range of Thomas Sabo allure carriers and lots of much more,0,0,NULL,NULL,NULL,NULL,NULL,NULL,0,8,1,0,NULL,NULL,NULL
167,1,270,NULL,2013-02-01 03:17:09.933,a range of Thomas Sabo allure carriers and lots of much more,0,0,NULL,NULL,NULL,NULL,NULL,NULL,0,8,1,0,NULL,NULL,NULL
168,3,271,NULL,2013-02-01 13:33:18.020,Live Sex Chat,0,0,NULL,NULL,NULL,NULL,NULL,NULL,0,8,1,0,NULL,NULL,NULL
169,1,272,NULL,2013-02-02 11:30:20.847,DIFFERENCE BETWEEN A 286 AND 289 OPEN?,2506,0,NULL,NULL,2013-02-04 12:57:04.213,324,34,NULL,2,0,0,0,NULL,22,NULL
170,1,273,NULL,2013-02-03 02:23:25.220,Can you attach a trailer to a Dodge Intrepid?,0,0,NULL,NULL,NULL,NULL,NULL,NULL,0,8,1,0,NULL,NULL,NULL
171,5,274,NULL,2013-02-07 04:29:28.197,Discount Kitchens Oxford,0,0,NULL,NULL,NULL,NULL,NULL,NULL,0,8,1,0,NULL,NULL,NULL
172,2,275,NULL,2013-02-07 06:16:19.513,pandora charms is actually cut from any url string,0,0,NULL,NULL,NULL,NULL,NULL,NULL,0,8,1,0,NULL,NULL,NULL
173,2,275,NULL,2013-02-07 06:17:50.880,pandora charms is actually cut from any url string,0,0,NULL,NULL,NULL,NULL,NULL,NULL,0,8,1,0,NULL,NULL,NULL
174,1,280,NULL,2013-02-11 20:59:06.190,New to the Family - - 1991 Intrepid 246,2460,0,NULL,NULL,2013-02-11 22:15:34.040,329,34,NULL,2,0,0,0,NULL,22,NULL
175,1,281,NULL,2013-02-12 15:41:16.590,Hello to everyone!!,0,0,NULL,NULL,NULL,NULL,NULL,NULL,0,8,1,0,NULL,NULL,NULL
176,1,283,NULL,2013-02-14 08:15:20.130,Kitchens Wolverhampton,0,0,NULL,NULL,NULL,NULL,NULL,NULL,0,8,1,0,NULL,NULL,NULL
177,1,283,NULL,2013-02-14 08:16:30.280,Kitchens Wolverhampton,0,0,NULL,NULL,NULL,NULL,NULL,NULL,0,8,1,0,NULL,NULL,NULL
178,3,285,NULL,2013-02-26 02:22:47.557,timberland is essential to accomplish good returns from your investment,0,0,NULL,NULL,NULL,NULL,NULL,NULL,0,8,1,0,NULL,NULL,NULL
179,1,285,NULL,2013-02-26 02:36:02.703,akley sunglasses canada not really should see,0,0,NULL,NULL,NULL,NULL,NULL,NULL,0,8,1,0,NULL,NULL,NULL
180,5,288,NULL,2013-03-07 02:52:42.070,What makes majority of investors to enter the market-a news release or a technical buy/sell signal?,0,0,NULL,NULL,NULL,NULL,NULL,NULL,0,8,1,0,NULL,NULL,NULL
181,1,289,NULL,2013-03-08 05:50:38.490,Nike shoes usually are the most popular boots or shoes in the world,0,0,NULL,NULL,NULL,NULL,NULL,NULL,0,8,1,0,NULL,NULL,NULL
182,5,44,NULL,2013-03-08 15:39:38.407,1996 Intrepid 284,3108,0,NULL,NULL,2013-03-08 15:39:38.407,337,44,NULL,1,0,0,0,NULL,22,NULL
183,5,44,NULL,2013-03-11 20:20:52.693,1996 Intrepid 284,2330,0,NULL,NULL,2013-03-11 20:20:52.693,338,44,NULL,1,0,0,0,NULL,22,NULL
184,1,62,NULL,2013-03-11 22:29:31.787,Bennett Trim Tabs relay module,3354,0,NULL,NULL,2013-03-12 22:12:48.040,341,34,NULL,3,0,0,0,NULL,22,NULL
185,5,261,NULL,2013-03-20 18:35:18.010,Need Mobella door latches,2945,0,NULL,NULL,2013-03-21 12:07:16.627,344,2,NULL,2,0,0,0,NULL,22,NULL
186,1,162,NULL,2013-04-08 18:13:56.447,2004 310WA vs 339WA,2196,0,NULL,NULL,2013-04-08 21:10:58.450,346,34,NULL,2,0,0,0,NULL,22,NULL
187,5,244,NULL,2013-04-09 12:21:50.433,dive door problem,3369,0,NULL,NULL,2013-04-09 15:04:38.553,348,34,NULL,2,0,0,0,NULL,22,NULL
188,1,297,NULL,2013-04-12 09:24:29.143,Characteristics recipes that utilize invest in thomas sabo crab,0,0,NULL,NULL,NULL,NULL,NULL,NULL,0,8,1,0,NULL,NULL,NULL
189,1,297,NULL,2013-04-12 09:26:51.507,Characteristics recipes that utilize invest in thomas sabo crab,0,0,NULL,NULL,NULL,NULL,NULL,NULL,0,8,1,0,NULL,NULL,NULL
190,5,61,NULL,2013-04-12 16:54:35.543,Boat Trailer For Sale - SOLD,2347,0,NULL,NULL,2013-04-12 16:54:35.543,351,61,NULL,1,0,0,0,NULL,22,NULL
191,1,225,NULL,2013-04-14 22:16:13.973,Bow Thruster not working,2629,0,NULL,NULL,2013-04-17 21:29:13.410,353,34,NULL,2,0,0,0,NULL,22,NULL
192,1,261,NULL,2013-04-24 19:46:12.840,366 Open Bow Thruster issues,2167,0,NULL,NULL,2013-04-24 19:46:12.840,354,261,NULL,1,0,0,0,NULL,22,NULL
193,1,301,NULL,2013-05-03 07:59:18.787,"coach bag comes in the summer colors, making it extra irresistible",0,0,NULL,NULL,NULL,NULL,NULL,NULL,0,8,1,0,NULL,NULL,NULL
194,1,301,NULL,2013-05-03 08:00:35.583,"coach bag comes in the summer colors, making it extra irresistible",0,0,NULL,NULL,NULL,NULL,NULL,NULL,0,8,1,0,NULL,NULL,NULL
195,1,303,NULL,2013-05-06 03:42:45.013,Nike Free shoes are probably the most popular option,0,0,NULL,NULL,NULL,NULL,NULL,NULL,0,8,1,0,NULL,NULL,NULL
196,4,61,NULL,2013-05-30 17:25:57.350,"Memorial Weekend, Keys to Little Gasparilla",18,0,NULL,NULL,2013-05-30 17:25:57.350,358,61,NULL,1,0,0,0,NULL,22,NULL
197,4,61,NULL,2013-05-30 22:32:08.517,"Memorial Weekend, Keys to Little Gasparilla",5,0,NULL,NULL,NULL,NULL,NULL,NULL,0,8,1,0,NULL,NULL,NULL
198,1,62,NULL,2013-05-31 00:22:29.073,Length of chain for anchor,1941,0,NULL,NULL,2013-05-31 00:22:29.073,360,62,NULL,1,0,0,0,NULL,22,NULL
199,1,310,NULL,2013-06-05 03:39:08.993,longchamp offer the best styling and couture,0,0,NULL,NULL,NULL,NULL,NULL,NULL,0,8,1,0,NULL,NULL,NULL
200,1,310,NULL,2013-06-05 03:40:52.200,longchamp offer the best styling and couture,0,0,NULL,NULL,NULL,NULL,NULL,NULL,0,8,1,0,NULL,NULL,NULL
201,1,318,NULL,2013-06-19 21:24:58.727,What years were the 323 produced,2239,0,NULL,NULL,2013-06-19 22:24:40.370,364,34,NULL,2,0,0,0,NULL,22,NULL
202,1,320,NULL,2013-06-27 15:45:08.213,Owners Manual for older boat,2979,0,NULL,NULL,2013-06-27 17:35:58.563,367,320,NULL,3,0,0,0,NULL,22,NULL
203,1,307,NULL,2013-06-27 20:16:03.477,Head,2426,0,NULL,NULL,2013-07-05 22:33:42.167,371,61,NULL,2,0,0,0,NULL,22,NULL
204,1,329,NULL,2013-12-29 01:46:34.030,"Do you have Owners manuals, Specifications, Sales Brochure for 1996 246?",4546,0,NULL,NULL,2014-02-18 13:29:28.853,380,34,NULL,5,0,0,0,NULL,22,NULL
205,5,337,NULL,2014-01-12 12:05:20.030,1996 339WA,2735,0,NULL,NULL,2014-01-13 22:39:38.403,377,34,NULL,2,0,0,0,NULL,22,NULL
206,1,347,NULL,2014-02-17 21:25:32.547,1989 30' cc cuddy,1648,0,NULL,NULL,2014-02-17 21:25:32.547,379,347,NULL,1,0,0,0,NULL,22,NULL
207,5,192,NULL,2014-02-24 13:17:49.030,Trailer for 366 cuddy,4009,0,NULL,NULL,2014-02-24 21:13:50.030,384,34,NULL,2,0,0,0,NULL,22,NULL
208,5,192,NULL,2014-02-24 13:23:09.713,WTB Trailer for 366 cuddy,1848,0,NULL,NULL,2014-02-24 13:23:09.713,382,192,NULL,1,0,0,0,NULL,22,NULL
209,4,346,NULL,2014-02-24 14:38:55.270,2014 Bahama Escape,99,0,NULL,NULL,2014-07-10 16:10:20.320,444,346,NULL,8,0,0,0,NULL,22,NULL
210,1,353,NULL,2014-03-05 06:41:14.653,NEBOSH International Diploma for Employees,0,0,NULL,NULL,NULL,NULL,NULL,NULL,0,8,1,0,NULL,NULL,NULL
211,1,356,NULL,2014-03-30 22:29:11.827,Intrepid 289 Cuddy Cabin,1523,0,NULL,NULL,2014-03-30 22:29:11.827,390,356,NULL,1,0,0,0,NULL,22,NULL
212,1,356,NULL,2014-03-30 22:35:07.387,Intrepid 289 Cuddy Cabin,2010,0,NULL,NULL,2014-03-31 11:15:25.337,392,34,NULL,2,0,0,0,NULL,22,NULL
213,1,360,NULL,2014-04-29 15:13:32.203,"To to the Family, 2013 327 Center Console",1,0,NULL,NULL,NULL,NULL,NULL,NULL,0,8,1,0,NULL,NULL,NULL
214,1,361,NULL,2014-04-29 21:33:44.743,1992 Intrepid/SH 245 Walk Around,1768,0,NULL,NULL,2014-05-06 16:33:16.207,398,34,NULL,2,0,0,0,NULL,22,NULL
215,1,362,NULL,2014-04-29 23:05:29.820,Proud New Owner with Questions,1737,0,NULL,NULL,2014-05-06 17:07:07.177,399,34,NULL,2,0,0,0,NULL,22,NULL
216,1,361,NULL,2014-04-30 00:17:40.140,1992 Intrepid SH 345 Walk Around,1334,0,NULL,NULL,2014-04-30 00:17:40.140,396,361,NULL,1,0,0,0,NULL,22,NULL
217,1,62,NULL,2014-05-06 15:57:10.327,Dive Door support rope,2486,0,NULL,NULL,2016-03-18 05:12:24.130,595,1517,NULL,4,0,0,0,NULL,22,NULL
218,1,368,NULL,2014-05-08 01:08:36.560,cobia tower/tower question for a 1998 289,1439,0,NULL,NULL,2014-05-08 01:08:36.560,402,368,NULL,1,0,0,0,NULL,22,NULL
219,1,368,NULL,2014-05-08 01:20:46.607,Cobia tower/tower question for a 1998 289 open,3209,0,NULL,NULL,2014-05-20 10:45:46.697,417,34,NULL,4,0,0,0,NULL,22,NULL
220,2,299,NULL,2014-05-13 02:48:16.890,Bimini Bahamas July 2014,35,0,NULL,NULL,2014-07-07 16:00:23.707,443,346,NULL,3,0,0,0,NULL,22,NULL
221,1,225,NULL,2014-05-13 13:43:19.533,Bow thruster help,3587,0,NULL,NULL,2014-07-28 11:46:28.050,445,390,NULL,4,0,0,0,NULL,22,NULL
222,1,62,NULL,2014-05-15 19:34:06.547,Twin motor set up,1767,0,NULL,NULL,2014-05-16 11:43:57.817,412,34,NULL,2,0,0,0,NULL,22,NULL
223,1,362,NULL,2014-05-16 16:52:42.530,Intrepid Owners in North Carolina??,1826,0,NULL,NULL,2014-05-16 17:45:50.360,415,34,NULL,2,0,0,0,NULL,22,NULL
224,1,33,NULL,2014-05-22 23:22:59.400,377 Walk Around Windlass,2880,0,NULL,NULL,2014-05-26 14:45:35.577,421,33,NULL,4,0,0,0,NULL,22,NULL
225,1,62,NULL,2014-06-01 22:07:28.823,T Top rear spreader lights,3378,0,NULL,NULL,2014-06-18 13:14:49.513,435,161,NULL,5,0,0,0,NULL,22,NULL
226,1,299,NULL,2014-06-08 21:33:49.333,Intrepid 348 rear fish box/bait well,2648,0,NULL,NULL,2014-06-09 00:01:46.460,431,330,NULL,3,0,0,0,NULL,22,NULL
227,1,330,NULL,2014-06-09 00:02:48.067,windshield dull,2104,0,NULL,NULL,2014-06-09 18:12:22.097,433,378,NULL,2,0,0,0,NULL,22,NULL
228,2,346,NULL,2014-06-23 21:31:01.020,4th of July in Bimini,8,0,NULL,NULL,2014-06-23 21:31:01.020,436,346,NULL,1,0,0,0,NULL,22,NULL
229,1,382,NULL,2014-06-27 20:03:25.610,1990 245,3214,0,NULL,NULL,2014-08-13 13:22:46.950,447,357,NULL,5,0,0,0,NULL,22,NULL
230,1,382,NULL,2014-07-06 02:56:55.477,Owners manual for Intrepid 245 cc,2467,0,NULL,NULL,2014-07-07 12:26:31.540,442,378,NULL,3,0,0,0,NULL,22,NULL
231,1,329,NULL,2014-08-14 02:10:08.720,Intrepid 23 questions,4620,0,NULL,NULL,2014-08-17 20:43:03.643,456,378,NULL,7,0,0,0,NULL,22,NULL
232,1,393,NULL,2014-08-15 15:07:44.817,1985 30' Intrepid Cuddy Straight Inboard,2115,0,NULL,NULL,2014-08-15 15:20:40.327,453,34,NULL,2,0,0,0,NULL,22,NULL
233,1,192,NULL,2014-08-20 14:16:04.923,Paint repairs,2149,0,NULL,NULL,2014-08-20 15:45:05.363,459,192,NULL,3,0,0,0,NULL,22,NULL
234,5,398,NULL,2014-08-25 20:20:27.757,Bed Section,3143,0,NULL,NULL,2014-08-25 23:34:39.163,462,398,NULL,3,0,0,0,NULL,22,NULL
235,1,377,NULL,2014-09-05 15:37:25.703,39' Sports Yacht Cabin Refrigerator,1790,0,NULL,NULL,2014-09-05 20:22:32.710,465,161,NULL,2,0,0,0,NULL,22,NULL
236,5,375,NULL,2014-09-05 15:57:20.847,Looking for a pair of used Suzuki 250 (DF250Z and DF250) for repower,2038,0,NULL,NULL,2014-09-05 15:57:20.847,464,375,NULL,1,0,0,0,NULL,22,NULL
237,1,410,NULL,2014-10-28 05:25:57.710,Your style sector could well be small,0,0,NULL,NULL,NULL,NULL,NULL,NULL,0,8,1,0,NULL,NULL,NULL
238,1,412,NULL,2014-10-29 10:38:25.617,Hello..,0,0,NULL,NULL,NULL,NULL,NULL,NULL,0,8,1,0,NULL,NULL,NULL
239,1,412,NULL,2014-10-30 11:29:31.670,Power Boat Covers,2656,0,NULL,NULL,2014-11-03 06:51:24.660,473,412,NULL,3,0,0,0,NULL,22,NULL
240,1,413,NULL,2014-11-01 03:16:30.183,Winterizing,2320,0,NULL,NULL,2014-11-02 18:01:54.337,472,413,NULL,3,0,0,0,NULL,22,NULL
241,1,421,NULL,2015-01-08 19:00:06.827,Batteries,1658,0,NULL,NULL,2015-01-08 22:47:22.297,478,34,NULL,2,0,0,0,NULL,22,NULL
242,5,423,NULL,2015-01-09 02:16:39.107,Intrepid 32 Cuddy,238,0,NULL,NULL,NULL,NULL,NULL,NULL,0,8,1,0,NULL,NULL,NULL
243,5,423,NULL,2015-01-09 02:18:48.617,Intrepid 32 Cuddy,277,0,NULL,NULL,NULL,NULL,NULL,NULL,0,8,1,0,NULL,NULL,NULL
244,1,400,NULL,2015-01-11 23:53:13.670,if anyone needs and owners manual for a 23/26/30 intrepid,0,0,NULL,NULL,NULL,NULL,NULL,NULL,0,8,1,0,NULL,NULL,NULL
245,1,400,NULL,2015-01-11 23:54:38.320,if anyone needs and owners manual for a 23/26/30 intrepid,3125,0,NULL,NULL,2016-07-10 14:00:35.077,651,1533,NULL,6,0,0,0,NULL,22,NULL
246,1,400,NULL,2015-01-11 23:55:56.780,1995 Intrepid 321 cuddy owners manual,1411,0,NULL,NULL,2015-01-11 23:55:56.780,483,400,NULL,1,0,0,0,NULL,22,NULL
247,2,346,NULL,2015-01-14 20:42:45.447,"Bahamas - West End, Abaco, Naussau Week long Trip sometime between May-July 2015",42,0,NULL,NULL,2015-04-13 19:38:47.903,516,346,NULL,4,0,0,0,NULL,22,NULL
248,1,426,NULL,2015-01-17 07:22:01.737,Nike Chaussures De Course Nike Free Run 2 Hommes Noir PK_105,0,0,NULL,NULL,NULL,NULL,NULL,NULL,0,8,1,0,NULL,NULL,NULL
249,2,426,NULL,2015-01-17 07:30:49.410,Nike Chaussures De Course Nike Free Run 2 Femmes Noir Rose RT_103,0,0,NULL,NULL,NULL,NULL,NULL,NULL,0,8,1,0,NULL,NULL,NULL
250,1,430,NULL,2015-02-09 19:08:28.740,Dive Door Specs,2195,0,NULL,NULL,2015-02-11 13:48:40.013,494,430,NULL,3,0,0,0,NULL,22,NULL
251,1,434,NULL,2015-03-04 02:12:37.323,Dive Door Gasket,0,0,NULL,NULL,NULL,NULL,NULL,NULL,0,8,1,0,NULL,NULL,NULL
252,1,434,NULL,2015-03-04 02:14:13.303,Dive Door Gasket,992,0,NULL,NULL,2015-03-04 02:14:13.303,496,434,NULL,1,0,0,0,NULL,22,NULL
253,1,434,NULL,2015-03-04 02:19:49.570,Dive Door Gasket,984,0,NULL,NULL,2015-03-04 02:19:49.570,497,434,NULL,1,0,0,0,NULL,22,NULL
254,1,434,NULL,2015-03-04 02:22:10.487,Dive Door Gasket,0,0,NULL,NULL,NULL,NULL,NULL,NULL,0,8,1,0,NULL,NULL,NULL
255,1,434,NULL,2015-03-04 02:26:19.400,Dive Door Gasket,1083,0,NULL,NULL,2015-03-04 02:26:19.400,499,434,NULL,1,0,0,0,NULL,22,NULL
256,1,434,NULL,2015-03-04 02:27:22.797,Dive Door Gasket,1735,0,NULL,NULL,2015-03-30 11:39:33.877,505,378,NULL,2,0,0,0,NULL,22,NULL
257,5,371,NULL,2015-03-04 14:31:46.157,Intrepid 289 Sale,2381,0,NULL,NULL,2015-03-04 14:31:46.157,501,371,NULL,1,0,0,0,NULL,22,NULL
258,1,440,NULL,2015-03-28 17:34:59.790,Hatch Dog Replacement,2883,0,NULL,NULL,2015-03-31 12:59:01.293,507,378,NULL,5,0,0,0,NULL,22,NULL
259,1,438,NULL,2015-04-03 00:33:52.207,Owners Manual,4017,0,NULL,NULL,2016-08-09 20:10:13.047,667,329,NULL,8,0,0,0,NULL,22,NULL
260,1,442,NULL,2015-04-04 21:22:48.460,2014 327 Cuddy w Hardtop Clearance from waterline,1516,0,NULL,NULL,2015-04-05 01:41:04.070,511,346,NULL,2,0,0,0,NULL,22,NULL
261,1,443,NULL,2015-04-06 23:25:56.130,Looking for info on my 1996 339,1255,0,NULL,NULL,2015-04-06 23:25:56.130,512,443,NULL,1,0,0,0,NULL,22,NULL
262,1,443,NULL,2015-04-06 23:29:18.447,Looking for info on my 1996 339,2628,0,NULL,NULL,2015-06-08 17:05:29.133,539,161,NULL,4,0,0,0,NULL,22,NULL
263,1,447,NULL,2015-04-13 14:34:34.827,Potential New Owner,3275,0,NULL,NULL,2015-04-13 14:34:34.827,514,447,NULL,1,0,0,0,NULL,22,NULL
264,1,62,NULL,2015-04-14 04:53:15.737,Trailer Bunks,2683,0,NULL,NULL,2015-05-12 04:05:00.427,524,62,NULL,5,0,0,0,NULL,22,NULL
265,1,450,NULL,2015-04-18 03:23:26.713,paint used,1638,0,NULL,NULL,2015-04-18 15:04:21.070,521,161,NULL,2,0,0,0,NULL,22,NULL
266,2,453,NULL,2015-04-21 16:17:34.967,sun shade for 32 cuddy,14,0,NULL,NULL,2015-04-21 16:17:34.967,522,453,NULL,1,0,0,0,NULL,22,NULL
267,5,1462,NULL,2015-05-17 12:45:12.347,Stern Bench Seat for 377 Walkaround for Sale,1420,0,NULL,NULL,2015-05-17 12:45:12.347,525,1462,NULL,1,0,0,0,NULL,22,NULL
268,5,1462,NULL,2015-05-17 12:50:37.317,377 Walkaround Bench Seat for Sale,1985,0,NULL,NULL,2015-06-10 16:17:29.447,540,375,NULL,2,0,0,0,NULL,22,NULL
269,5,1462,NULL,2015-05-17 13:12:23.513,377 Bench seat for Sale,1360,0,NULL,NULL,2015-05-17 13:12:23.513,528,1462,NULL,1,0,0,0,NULL,22,NULL
270,1,1465,NULL,2015-05-21 18:04:27.617,Owner's Manual,1094,0,NULL,NULL,2015-05-21 18:04:27.617,529,1465,NULL,1,0,0,0,NULL,22,NULL
271,1,105,NULL,2015-05-22 21:07:37.610,Imron,0,0,NULL,NULL,NULL,NULL,NULL,NULL,0,8,1,0,NULL,NULL,NULL
272,1,105,NULL,2015-05-22 21:10:02.933,Imron Repair,2911,0,NULL,NULL,2015-09-02 02:43:54.630,572,105,NULL,5,0,0,0,NULL,22,NULL
273,1,1471,NULL,2015-06-08 01:02:44.807,1996 262 center console,1212,0,NULL,NULL,2015-06-08 01:02:44.807,534,1471,NULL,1,0,0,0,NULL,22,NULL
274,5,1472,NULL,2015-06-08 11:51:47.900,Removable aft seating for 1996 339 needed,1281,0,NULL,NULL,2015-06-08 11:51:47.900,536,1472,NULL,1,0,0,0,NULL,22,NULL
275,5,1474,NULL,2015-06-19 14:48:28.713,Buy BENCH SEAT for 2007 - 37 Cuddy,1506,0,NULL,NULL,2015-06-19 14:48:28.713,542,1474,NULL,1,0,0,0,NULL,22,NULL
276,5,1478,NULL,2015-06-25 18:10:34.867,Used eisenglass enclosure for sale 310 walkaround,1422,0,NULL,NULL,2015-06-25 18:10:34.867,543,1478,NULL,1,0,0,0,NULL,22,NULL
277,5,430,NULL,2015-06-27 00:07:22.493,Looking for Transom Mount Fold Down Rear Seat,1773,0,NULL,NULL,2015-06-27 16:00:27.707,548,357,NULL,2,0,0,0,NULL,22,NULL
278,1,424,NULL,2015-07-14 16:30:57.197,Does anyone have a 377 with E-TECs.  Need Propeller Guidance,2,0,NULL,NULL,NULL,NULL,NULL,NULL,0,8,1,0,NULL,NULL,NULL
279,1,424,NULL,2015-07-14 16:37:00.590,Does anyone have a 377 with E-TECs.  Need Propeller Guidance,1991,0,NULL,NULL,2015-08-07 11:46:10.003,558,424,NULL,3,0,0,0,NULL,22,NULL
280,1,360,NULL,2015-07-27 15:16:17.400,Foam Seal on Floor lockers,1619,0,NULL,NULL,2015-08-04 18:46:17.317,554,1484,NULL,2,0,0,0,NULL,22,NULL
281,1,413,NULL,2015-08-05 13:31:47.853,A/C vent clips for 339,1449,0,NULL,NULL,2015-08-06 15:02:18.280,557,161,NULL,2,0,0,0,NULL,22,NULL
282,1,1476,NULL,2015-08-09 05:00:54.857,Upper station compartment sliding door pulls,1071,0,NULL,NULL,2015-08-09 05:00:54.857,559,1476,NULL,1,0,0,0,NULL,22,NULL
283,5,1487,NULL,2015-08-09 21:05:22.520,Bench seat wanted,1229,0,NULL,NULL,2015-08-09 21:05:22.520,560,1487,NULL,1,0,0,0,NULL,22,NULL
284,1,103,NULL,2015-08-25 02:04:20.747,Possible next Intrepid,2949,0,NULL,NULL,2015-08-29 11:14:10.957,571,103,NULL,7,0,0,0,NULL,22,NULL
285,1,1456,NULL,2015-09-02 15:55:17.010,Rub Rail end caps for 2007 310 Walk Around with dive door,1379,0,NULL,NULL,2015-09-02 17:47:56.447,574,161,NULL,2,0,0,0,NULL,22,NULL
286,1,1494,NULL,2015-09-11 01:30:36.380,Transom platform support bar,145,0,NULL,NULL,NULL,NULL,NULL,NULL,0,8,1,0,NULL,NULL,NULL
287,1,1494,NULL,2015-10-16 12:31:48.187,Weight of 1997 289 CC.,1268,0,NULL,NULL,2015-11-02 21:33:20.703,578,430,NULL,2,0,0,0,NULL,22,NULL
288,1,1501,NULL,2015-10-23 02:06:13.810,Windshield,865,0,NULL,NULL,2015-10-23 02:06:13.810,577,1501,NULL,1,0,0,0,NULL,22,NULL
289,1,405,NULL,2015-11-18 15:27:24.703,Imron Paint,1162,0,NULL,NULL,2015-11-19 21:09:27.680,580,161,NULL,2,0,0,0,NULL,22,NULL
290,1,1476,NULL,2015-11-25 17:34:04.220,Bottom Paint,1307,0,NULL,NULL,2016-04-07 16:12:48.260,611,1476,NULL,3,0,0,0,NULL,22,NULL
291,1,1465,NULL,2015-12-08 21:26:05.223,Deck paint,782,0,NULL,NULL,2015-12-08 21:26:05.223,582,1465,NULL,1,0,0,0,NULL,22,NULL
292,1,1465,NULL,2015-12-08 21:37:41.097,Deck Paint,1178,0,NULL,NULL,2015-12-09 13:59:08.527,584,1475,NULL,2,0,0,0,NULL,22,NULL
293,1,306,NULL,2015-12-29 12:04:07.897,289 WA Repower,1824,0,NULL,NULL,2016-04-06 13:04:27.203,606,1519,NULL,6,0,0,0,NULL,22,NULL
294,1,346,NULL,2015-12-30 18:03:14.070,Mold growing in the "caulking" like material surrounding the compartments for the fuel tank plus,1086,0,NULL,NULL,2015-12-31 18:26:45.593,587,1484,NULL,2,0,0,0,NULL,22,NULL
295,1,1506,NULL,2016-01-01 19:45:31.180,1995 35/6 cutty owners manual,1056,0,NULL,NULL,2016-05-02 14:15:43.980,624,1529,NULL,2,0,0,0,NULL,22,NULL
296,5,1482,NULL,2016-01-02 19:34:04.373,Eisenglass enclosure,1207,0,NULL,NULL,2016-04-05 17:37:57.563,603,1521,NULL,2,0,0,0,NULL,22,NULL
297,5,1508,NULL,2016-01-08 05:54:36.837,"WTS - New 2014 Yamaha Outboards F 150HP la 4Stroke - $5,300 USD",0,0,NULL,NULL,NULL,NULL,NULL,NULL,0,8,1,0,NULL,NULL,NULL
298,5,330,NULL,2016-01-13 18:40:29.050,Rear seat for 1996 339WA wanted,764,0,NULL,NULL,2016-01-13 18:40:29.050,591,330,NULL,1,0,0,0,NULL,22,NULL
299,1,1515,NULL,2016-02-20 01:39:41.043,nike air zoom pegasus 31 running shoes,0,0,NULL,NULL,NULL,NULL,NULL,NULL,0,8,1,0,NULL,NULL,NULL
300,1,1515,NULL,2016-02-20 01:40:59.320,adidas originals x jeremy scott sneakers en solde,0,0,NULL,NULL,NULL,NULL,NULL,NULL,0,8,1,0,NULL,NULL,NULL
301,1,1476,NULL,2016-03-09 23:59:19.580,"Actual length of 339 WA, w/o bracket and bow pulpit??  Please",512,0,NULL,NULL,2016-03-09 23:59:19.580,594,1476,NULL,1,0,0,0,NULL,22,NULL
302,1,1518,NULL,2016-03-29 02:49:09.003,Help with propellers for a intrepid 377,629,0,NULL,NULL,2016-03-29 21:48:02.677,597,430,NULL,2,0,0,0,NULL,22,NULL
303,1,1523,NULL,2016-04-05 22:05:22.010,cracked head on cuddy,621,0,NULL,NULL,2016-04-07 16:06:54.507,610,1476,NULL,2,0,0,0,NULL,22,NULL
304,1,445,NULL,2016-04-06 14:17:26.150,Table Brakets,0,0,NULL,NULL,NULL,NULL,NULL,NULL,0,8,1,0,NULL,NULL,NULL
305,1,445,NULL,2016-04-06 15:32:02.490,Table Brakets,0,0,NULL,NULL,NULL,NULL,NULL,NULL,0,8,1,0,NULL,NULL,NULL
306,1,445,NULL,2016-04-06 15:34:58.403,Table Brackets,721,0,NULL,NULL,2016-04-22 14:47:40.903,618,445,NULL,2,0,0,0,NULL,22,NULL
307,1,445,NULL,2016-04-07 17:58:02.473,Dive door latch,615,0,NULL,NULL,2016-04-09 03:11:21.993,613,1482,NULL,2,0,0,0,NULL,22,NULL
308,1,341,NULL,2016-04-14 15:47:50.277,Helm Seat Cooler Slide?,568,0,NULL,NULL,2016-04-14 21:54:34.077,615,1521,NULL,2,0,0,0,NULL,22,NULL
309,1,1529,NULL,2016-04-22 01:56:32.690,1995 356 cuddy with etec 250's,884,0,NULL,NULL,2016-05-04 02:08:30.177,625,1529,NULL,3,0,0,0,NULL,22,NULL
310,1,1529,NULL,2016-04-22 01:58:53.840,lift spec,792,0,NULL,NULL,2016-05-02 14:13:56.747,623,1529,NULL,3,0,0,0,NULL,22,NULL
311,1,430,NULL,2016-04-25 13:36:31.643,"Boat Lift, Bunks or Chocks?",600,0,NULL,NULL,2016-04-26 12:36:43.993,621,1510,NULL,2,0,0,0,NULL,22,NULL
312,1,1532,NULL,2016-05-11 09:54:10.727,Who Makes Fast Personal Loans These Days?,0,0,NULL,NULL,NULL,NULL,NULL,NULL,0,8,1,0,NULL,NULL,NULL
313,1,1532,NULL,2016-05-11 10:11:41.083,Who Makes Fast Personal Loans These Days?,0,0,NULL,NULL,NULL,NULL,NULL,NULL,0,8,1,0,NULL,NULL,NULL
314,1,1536,NULL,2016-05-30 01:08:34.727,Sources: Ronald Leary has requested trade from Cowboys,0,0,NULL,NULL,NULL,NULL,NULL,NULL,0,8,1,0,NULL,NULL,NULL
315,1,421,NULL,2016-06-01 23:12:01.970,need gas shocks,614,0,NULL,NULL,2016-06-06 13:47:18.227,632,1456,NULL,4,0,0,0,NULL,22,NULL
316,1,1539,NULL,2016-06-08 15:06:41.320,Cabin door Lock,344,0,NULL,NULL,2016-09-27 16:28:34.513,683,1571,NULL,3,0,0,0,NULL,22,NULL
317,1,1540,NULL,2016-06-08 22:03:20.157,2014 327 Open Wiring Diagram,275,0,NULL,NULL,2016-06-08 22:03:20.157,634,1540,NULL,1,0,0,0,NULL,22,NULL
318,1,1545,NULL,2016-06-27 09:05:47.363,Will Crystal Palace Get a Victory in Saturday Premier League,0,0,NULL,NULL,NULL,NULL,NULL,NULL,0,8,1,0,NULL,NULL,NULL
319,1,1544,NULL,2016-06-28 05:50:34.303,Maintaining our floors,0,0,NULL,NULL,NULL,NULL,NULL,NULL,0,8,1,0,NULL,NULL,NULL
320,1,1544,NULL,2016-06-28 07:06:41.537,Maintaining our floors,0,0,NULL,NULL,NULL,NULL,NULL,NULL,0,8,1,0,NULL,NULL,NULL
321,1,1546,NULL,2016-07-03 14:13:36.490,2003 377 WA head not filling with water.  Raw water hose in the cockpit still working.,205,0,NULL,NULL,2016-07-03 14:13:36.490,639,1546,NULL,1,0,0,0,NULL,22,NULL
322,1,1544,NULL,2016-07-05 02:31:16.020,Waxing or finishing your floor protects it,0,0,NULL,NULL,NULL,NULL,NULL,NULL,0,8,1,0,NULL,NULL,NULL
323,1,1544,NULL,2016-07-05 02:40:55.437,wood floor maintenance,0,0,NULL,NULL,NULL,NULL,NULL,NULL,0,8,1,0,NULL,NULL,NULL
324,1,1519,NULL,2016-07-06 12:02:22.530,30 cc performance ?,466,0,NULL,NULL,2016-07-07 22:51:29.210,646,1480,NULL,4,0,0,0,NULL,22,NULL
325,1,1480,NULL,2016-07-07 22:31:54.270,1998 322 has gas smell in auxiliary tank area.,199,0,NULL,NULL,2016-07-07 22:31:54.270,645,1480,NULL,1,0,0,0,NULL,22,NULL
326,1,1536,NULL,2016-07-08 00:44:25.300,Wholesale Atlanta Falcons Jerseys,0,0,NULL,NULL,NULL,NULL,NULL,NULL,0,8,1,0,NULL,NULL,NULL
327,1,1536,NULL,2016-07-08 00:45:33.280,Wholesale Atlanta Falcons,0,0,NULL,NULL,NULL,NULL,NULL,NULL,0,8,1,0,NULL,NULL,NULL
328,1,1544,NULL,2016-07-08 04:03:08.173,steel doors are so durable,0,0,NULL,NULL,NULL,NULL,NULL,NULL,0,8,1,0,NULL,NULL,NULL
329,1,1547,NULL,2016-07-08 05:15:28.313,The Major Blocks to Manifestation,0,0,NULL,NULL,NULL,NULL,NULL,NULL,0,8,1,0,NULL,NULL,NULL
330,1,1544,NULL,2016-07-11 03:49:13.333,repairing doors and windows,0,0,NULL,NULL,NULL,NULL,NULL,NULL,0,8,1,0,NULL,NULL,NULL
331,1,1544,NULL,2016-07-11 03:50:38.267,repairing doors and windows,0,0,NULL,NULL,NULL,NULL,NULL,NULL,0,8,1,0,NULL,NULL,NULL
332,1,1544,NULL,2016-07-11 03:52:21.597,repairing doors and windows,0,0,NULL,NULL,NULL,NULL,NULL,NULL,0,8,1,0,NULL,NULL,NULL
333,1,1544,NULL,2016-07-12 05:23:04.660,fluctuations in wood floor,0,0,NULL,NULL,NULL,NULL,NULL,NULL,0,8,1,0,NULL,NULL,NULL
334,1,1544,NULL,2016-07-13 05:40:29.490,maintenance of your floor,0,0,NULL,NULL,NULL,NULL,NULL,NULL,0,8,1,0,NULL,NULL,NULL
335,1,1544,NULL,2016-07-14 07:31:26.900,high-end consumer goods,0,0,NULL,NULL,NULL,NULL,NULL,NULL,0,8,1,0,NULL,NULL,NULL
336,1,1544,NULL,2016-07-15 01:29:23.493,Wood floor after a period of use,0,0,NULL,NULL,NULL,NULL,NULL,NULL,0,8,1,0,NULL,NULL,NULL
337,1,1544,NULL,2016-07-15 01:31:13.863,Wood floor after a period of use,0,0,NULL,NULL,NULL,NULL,NULL,NULL,0,8,1,0,NULL,NULL,NULL
338,1,1544,NULL,2016-07-18 00:44:35.973,Maintaining our floors,0,0,NULL,NULL,NULL,NULL,NULL,NULL,0,8,1,0,NULL,NULL,NULL
339,1,1544,NULL,2016-07-18 03:46:23.577,the same specifications of the floor,0,0,NULL,NULL,NULL,NULL,NULL,NULL,0,8,1,0,NULL,NULL,NULL
340,1,1544,NULL,2016-07-20 09:47:18.017,To avoid scratching the floor,0,0,NULL,NULL,NULL,NULL,NULL,NULL,0,8,1,0,NULL,NULL,NULL
341,1,1541,NULL,2016-07-20 19:05:10.430,1994 23 WA Fresh Water Tank Capacity,208,0,NULL,NULL,2016-07-20 19:05:10.430,663,1541,NULL,1,0,0,0,NULL,22,NULL
342,1,1536,NULL,2016-07-21 01:37:31.637,Wholesale Chicago Bears Jerseys,0,0,NULL,NULL,NULL,NULL,NULL,NULL,0,8,1,0,NULL,NULL,NULL
343,1,1536,NULL,2016-07-21 01:38:32.020,Wholesale,0,0,NULL,NULL,NULL,NULL,NULL,NULL,0,8,1,0,NULL,NULL,NULL
344,1,1552,NULL,2016-08-10 19:26:33.787,Windlass Installation for my 2007 32 cuddy,157,0,NULL,NULL,2016-08-10 19:26:33.787,668,1552,NULL,1,0,0,0,NULL,22,NULL
345,3,1544,NULL,2016-08-12 03:56:07.013,model floor manufacturers,0,0,NULL,NULL,NULL,NULL,NULL,NULL,0,8,1,0,NULL,NULL,NULL
346,1,1544,NULL,2016-08-15 01:09:37.360,Caring for your laminate floor is simple,0,0,NULL,NULL,NULL,NULL,NULL,NULL,0,8,1,0,NULL,NULL,NULL
347,5,1555,NULL,2016-08-25 21:54:09.990,Need a rear bench for 289 intrepid,164,0,NULL,NULL,2016-08-26 13:19:36.717,672,430,NULL,2,0,0,0,NULL,22,NULL
348,1,1556,NULL,2016-08-27 22:31:15.220,2008 350 Walk Around,103,0,NULL,NULL,2016-08-27 22:31:15.220,673,1556,NULL,1,0,0,0,NULL,22,NULL
349,3,1544,NULL,2016-09-02 02:55:38.607,equipment and materials,0,0,NULL,NULL,NULL,NULL,NULL,NULL,0,8,1,0,NULL,NULL,NULL
350,1,1536,NULL,2016-09-07 06:33:02.437,wholesale NFL jerseys,0,0,NULL,NULL,NULL,NULL,NULL,NULL,0,8,1,0,NULL,NULL,NULL
351,1,1544,NULL,2016-09-08 10:10:13.480,How to care for solid hardwood floors repair,0,0,NULL,NULL,NULL,NULL,NULL,NULL,0,8,1,0,NULL,NULL,NULL
352,1,1562,NULL,2016-09-14 06:56:26.580,Lee hopes will gradually become part of everyday business,0,0,NULL,NULL,NULL,NULL,NULL,NULL,0,8,1,0,NULL,NULL,NULL
353,1,1562,NULL,2016-09-14 06:58:44.610,That set in similar locations,0,0,NULL,NULL,NULL,NULL,NULL,NULL,0,8,1,0,NULL,NULL,NULL
354,2,1565,NULL,2016-09-19 11:29:04.697,#ICQ: 678924920 => Sell cvv/cc/transfer WU/Gifts Card/Paypal/Dump Track 1 or 2,0,0,NULL,NULL,NULL,NULL,NULL,NULL,0,8,1,0,NULL,NULL,NULL
355,2,1565,NULL,2016-09-19 11:33:08.693,#ICQ: 678924920 => Sell cvv/cc/transfer WU/Gifts Card/Paypal/Dump Track 1 or 2,0,0,NULL,NULL,NULL,NULL,NULL,NULL,0,8,1,0,NULL,NULL,NULL
356,1,1544,NULL,2016-09-20 02:05:28.750,ultra-stable floor,0,0,NULL,NULL,NULL,NULL,NULL,NULL,0,8,1,0,NULL,NULL,NULL
357,1,1544,NULL,2016-09-20 03:56:46.580,homogeneous flooring market,0,0,NULL,NULL,NULL,NULL,NULL,NULL,0,8,1,0,NULL,NULL,NULL
